series,episode,baker,signature_bake,show_stopper,baker_age,baker_occupation,hometown,technical,result
2,1,"""Jo""",Chocolate Orange CupcakesOrange and Cardamom Cupcakes,Chocolate and Strawberry Cake,NA,NA,NA,NA,NA
2,2,"""Jo""","Caramelised Onion, Gruyere and Thyme Quiche",Raspberry and Mascarpone Tarts with Lemon and Almond PastryHoney and Almond Tarts with Sweetcrust,NA,NA,NA,NA,NA
2,3,"""Jo""","Stromboli flavored with Mozzarella, Ham, and Picante Pepper",Unknown,NA,NA,NA,NA,NA
2,4,"""Jo""",Lavender Biscuits,Blueberry MacaronsCoconut MacaronsStrawberry Macarons,NA,NA,NA,NA,NA
2,5,"""Jo""",Salmon and Asparagus Pie,Apple and Raspberry Meringue Pie,NA,NA,NA,NA,NA
2,6,"""Jo""",Rum and Raisin Baked Cheesecake,Limoncello and White Chocolate Croquembouche,NA,NA,NA,NA,NA
2,7,"""Jo""",Raspberry & Strawberry Mousse Cake,Pain Aux RaisinChocolate TwistsBanana and Raisin Pastries,NA,NA,NA,NA,NA
2,8,"""Jo""",Raspberry and Blueberry Mille Feuille,"Mini Victoria SandwichesRaspberry, White Chocolate and Pistachio Mini MeringuesMini Banoffee Pie with Banana Mousse",NA,NA,NA,NA,NA
4,1,Ali,Rose and Pistachio Cake,"Chocolate, Raspberry and Passion Fruit Engagement Cake",NA,NA,NA,11,IN
4,2,Ali,Italian Grissini,Sweet and Savoury Yin Yang Bread,NA,NA,NA,9,IN
4,3,Ali,"Coconut, Raspberry and Lemon Meringue Trifle",Vanilla Latte Mini CakesLime & Mint Shortbread Pops,NA,NA,NA,5,IN
4,4,Ali,Apple and Ginger Pie with a Pecan and Walnut Shortcrust Pastry,"Orange, Cardamom and Date M'Hanncha",NA,NA,NA,8,OUT
6,1,Alvin,Orange Vanilla and Fig Madeira Cake,Black Forest Gâteau,NA,NA,NA,2,IN
6,2,Alvin,"Jackfruit, Pistachio and Macadamia Biscotti",Gingerbread Box filled with Brandy Snaps,NA,NA,NA,6,IN
6,3,Alvin,"Prosciutto, Manchego and Balsamic Onion Soda Breads",Cornucopia,NA,NA,NA,4,IN
6,4,Alvin,Blackberry Crème Brûlées,Tower of Fruits Cheesecakes,NA,NA,NA,9,IN
6,5,Alvin,Pineapple Upside Down Cake,"Buko Pandan, Mango and Passion Fruit Ice Cream Roll",NA,NA,NA,8,IN
6,6,Alvin,Plum Frangipane Tart,Smoked Salmon En Croûte and Vermouth Chicken à la King Vol-au-vents,NA,NA,NA,6,OUT
7,1,Andrew,Lemon and Rosemary Drizzle Cake,'Ultimate Indulgence' Mirror Glaze Cake,NA,NA,NA,12,IN
7,2,Andrew,Beehive Biscuits,Punting in Cambridge,NA,NA,NA,4,IN
7,3,Andrew,Chocolate Barmbrack Bread,Braided Harvest Bread Basket,NA,NA,NA,2,IN
7,4,Andrew,Yorkshire 'Tapas' Puddings,Churros Window Box,NA,NA,NA,4,IN
7,5,Andrew,Mum and Dad's Breakfast Pastries,Spicy Chorizo Squash Parcels and Baklava Bites,NA,NA,NA,6,IN
7,6,Andrew,Tangy Lime and Ginger Meringue Pie,Spring Elderflower Trio,NA,NA,NA,6,IN
7,7,Andrew,Tropical Holiday Roulade,Childhood Ice Cream Mousse Cakes,NA,NA,NA,1,STAR BAKER
7,8,Andrew,Da Vinci Inspired Geared Pies,Jousting Knights Marchpane,NA,NA,NA,2,IN
7,9,Andrew,Cheesy Elephant Ears and Herby Treble Clefs,Philharmonic Fondants,NA,NA,NA,2,STAR BAKER
7,10,Andrew,Crunchy Caramel Cassis Crown,Family and Friends' Favourites Picnic,NA,NA,NA,1,Runner-up
1,1,Annetha,Light Jamaican Black Cakewith Strawberries and Cream,"Red, White & Blue Chocolate Cake with Cigarellos, Fresh Fruit, and Cream",NA,NA,NA,2,IN
1,2,Annetha,Rose Petal Shortbread,Pink Swirl Macarons / Eclairs,NA,NA,NA,7,OUT
4,1,Beca,Grapefruit Sandwich Cake,Chocolate Cherry Indulgence,NA,NA,NA,8,IN
4,2,Beca,Fennel and Chilli Breadsticks,Five Strand Christmas Wreath,NA,NA,NA,11,IN
4,3,Beca,Orange and Ginger Trifle,Limoncello and Blueberry BurstsMillionaire Shortbread,NA,NA,NA,10,IN
4,4,Beca,Mamgu's Cherry-Apple Tart,Moroccan Vegetable Filo Feast,NA,NA,NA,2,IN
4,5,Beca,"Chocolate, Cherry and Hazelnut Brownies",Tiered Macaron and Sugar Dough Biscuit Centrepiece,NA,NA,NA,5,IN
4,6,Beca,Bara Brith,Chocolate and Rum-Soaked Prune BriochesCardamom Spiced Lemon Iced Buns,NA,NA,NA,6,IN
4,7,Beca,Spring Lamb and Vegetable Suet Puddingwith Redcurrant Gravy,Nectarine and Frangipane SquaresChocolate and Hazelnut Vol-au-ventsStrawberries and Cream Mille-feuille,NA,NA,NA,1,IN
4,8,Beca,"Potato, Spelt and Rosemary Focaccia",Spiced Butternut Squash and Pecan 'Cheese' Cake,NA,NA,NA,4,IN
4,9,Beca,Stilton and Walnut MacaronsBeetroot and Salmon Choux PuffsWelsh Rarebit Tartlets,Banoffee Opera Cake,NA,NA,NA,3,OUT
2,1,Ben,Rhubarb and Custard CupcakesAfter Dinner Cupcakes,Vanilla Sponge with White Chocolate and Raspberry Buttercream,NA,NA,NA,2,IN
2,2,Ben,"Chorizo, Pepper and Gruyere Quiche",Lemon Meringue Tarts,NA,NA,NA,1,IN
2,3,Ben,"Walnut, Raisin and Rosemary Loaf",UNKNOWN,NA,NA,NA,3,IN
2,4,Ben,Stem Ginger Nuts,Chocolate and Almond MacaronsPine Nut MacaronsPistachio Macarons,NA,NA,NA,5,OUT
7,1,Benjamina,"Pistachio, Cardamom and Lemon Drizzle Cake",White Chocolate Mirror Glaze with Salted Praline Buttercream,NA,NA,NA,6,IN
7,2,Benjamina,Bouquet Biscuits,"New York, New York",NA,NA,NA,3,IN
7,3,Benjamina,"Chocolate, Tahini and Almond Babka",Braided Bread Heart,NA,NA,NA,6,IN
7,4,Benjamina,"Red Onion Chutney, Brie and Bacon Yorkshire Puddings",Tropical Churros,NA,NA,NA,1,STAR BAKER
7,5,Benjamina,'Good Morning America' Swirls and Peanut Butter and Banana Pinwheels,Plantain and Spinach Samosas and Chai Pear Cups,NA,NA,NA,5,IN
7,6,Benjamina,Grapefruit and Ginger Meringue Pie,Floral Tea Cake,NA,NA,NA,2,IN
7,7,Benjamina,Piña Colada Roulade,Apple Crumble Mousse Cake and Chocolate Coffee Mousse Cake,NA,NA,NA,3,IN
7,8,Benjamina,Mexican Adventure,Tudor Garden,NA,NA,NA,4,OUT
3,1,Brendan,"Plum, Sour Cherry & Walnut",UNKNOWN,NA,NA,NA,10,IN
3,2,Brendan,Middle Eastern Taboon BreadIndian Rotis,"Chocolate and Vanilla Bagels
Cumin and Gruyere Bagels",NA,NA,NA,4,IN
3,3,Brendan,Apple and Ginger Tarte Tatin,"Blackberry, Nectarine and Dragon Fruit Tart",NA,NA,NA,9,IN
3,4,Brendan,Clementine and Chestnut Torte,"Pear, Chocolate and Hazelnut Dacquoise",NA,NA,NA,1,STAR BAKER
3,5,Brendan,Salmon Coulibiac in a Scandinavian Pastry,All American Chiffon Pie,NA,NA,NA,3,IN
3,6,Brendan,"Rhubarb, Strawberry and Ginger Puddings
Sticky Toffee Puddings","Spinach, Cheese and Walnut Strudel",NA,NA,NA,1,STAR BAKER
3,7,Brendan,Chelsea Bunskis,Black Forest Christmas Stollen,NA,NA,NA,4,IN
3,8,Brendan,Multi-Seed Savoury Crackers,Fantasy Gingerbread Bird House,NA,NA,NA,2,IN
3,9,Brendan,Coffee Meringue and Hazelnut CreamsApricot and Pistachio FriandsLime Curd Choux Pastry Cygnets,Gateau St. Honoré,NA,NA,NA,3,IN
3,10,Brendan,Potato and Pepper Pithivier,Family Reunion Chiffon Cake,NA,NA,NA,2,Runner-up
7,1,Candice,Raspberry and Rhubarb Drizzle Custard Bundt Cake,"Mirror Mirror On The Wall, Who Is The Shiniest Cake Of Them All?",NA,NA,NA,5,IN
7,2,Candice,"Salted Caramel, Chocolate Iced Shiny Hearts",Gingerbread Pub with Sticky Ginger Carpet,NA,NA,NA,8,STAR BAKER
7,3,Candice,"Chocolate, Salted Caramel & Pecan Brittle Brioche Loaf",Italian Light and Dark Rye Twist,NA,NA,NA,3,IN
7,4,Candice,Yorkshire Wellingtons,Two-Way Peanut Butter Churros,NA,NA,NA,2,IN
7,5,Candice,"Danish Pastry Croque Monsieur Kites and Cinnamon Apple, Vanilla Crème Rose Danish","Sausage, Black Pudding and Apple Rounds and Banoffee Whiskey Cups",NA,NA,NA,2,STAR BAKER
7,6,Candice,"Lime, Coconut and Lemongrass Sugar Meringue Pie",Four Seasons Cake,NA,NA,NA,5,IN
7,7,Candice,Crowd Pleaser Roulade,Blackberry and Raspberry Bubbles and After Dinner Mousse,NA,NA,NA,2,IN
7,8,Candice,Cheesy Cheeky Fish Pies,Peacock,NA,NA,NA,1,STAR BAKER
7,9,Candice,"Red Onion, Cambozola and Walnut Palmiers and Mushroom, Streaky Bacon, and Parmesan Palmiers",Chocolate Praline Fondant Fancies and Cherry Bakewell Fondant Fancies,NA,NA,NA,3,IN
7,10,Candice,Queen Victoria's Mango and Strawberry Crown,Picnic for Pearly Kings and Queens,NA,NA,NA,2,WINNER
3,1,Cathryn,"Apple, Hazelnut and Calvados",Hidden Cupcake Cake,NA,NA,NA,5,IN
3,2,Cathryn,"Spiced Mango NaanLime, Coriander and Chilli Tortillas","Cranberry and Orange Bagels
Chipotle, Chili, and Smoked Cheddar Bagels",NA,NA,NA,8,IN
3,3,Cathryn,"Plum, Cherry and Five Spice Tarte Tatin","Raspberry, Pistachio and Lemon Tart",NA,NA,NA,3,IN
3,4,Cathryn,"White Chocolate, Macadamia and Coffee Torte","Gooseberry, Almond and Honey Meringue",NA,NA,NA,3,IN
3,5,Cathryn,Full English Wellington,Chocolate and Peanut Butter Pumpkin Pie,NA,NA,NA,1,IN
3,6,Cathryn,"Chocolate Walnut Whip Puddings
Elderflower Sponges",Roasted Vegetable Couscous and Sheep Cheese Strudel,NA,NA,NA,3,IN
3,7,Cathryn,Lady Arundel's Manchet Buns,Bonfire Night Tear 'n' Share Brioche,NA,NA,NA,5,IN
3,8,Cathryn,Cheese and Pickle Crackers,Gingerbread Buckingham Palace,NA,NA,NA,5,OUT
5,1,Chetna,"Cardamom, Pistachio and Coffee Swiss Roll",Tiered Victoria Sponges with Lemon Curd and Raspberry Cream,NA,NA,NA,3,IN
5,2,Chetna,Fenugreek and Carom Crackers,Day On The Beach,NA,NA,NA,8,IN
5,3,Chetna,Onion and Pine Nut Rolls,Rolled and Filled Twin Loaf,NA,NA,NA,8,IN
5,4,Chetna,"Rhubarb, Strawberry and Orange Puddings","Mango, Raspberry and Coconut Baked Alaska",NA,NA,NA,3,IN
5,5,Chetna,Rice Custard Tart with Mangoes and Raspberries,Fusion Tiered Pies,NA,NA,NA,2,IN
5,6,Chetna,Orange Savarin with Cinnamon Cream,Almond Liqueur Dobos Torte with Chocolate Caramel Buttercream,NA,NA,NA,2,STAR BAKER
5,7,Chetna,Crispy Lentil Kachori,Chocolate and Mango & Lemon Meringue Éclairs,NA,NA,NA,6,IN
5,8,Chetna,Date and Walnut Swirl Bread,Chocolate Mousse Filled DoughnutsBraided Doughnuts,NA,NA,NA,1,IN
5,9,Chetna,Chocolate Orange Baklava Masala Chai Baklava,"Chocolate, Orange & Nut EntremetsCappuccino Entremets",NA,NA,NA,4,OUT
8,1,Chris,Tropical Fresh Fruit Cake,'Raised Pork Pie and Egg Surprise' Cake,NA,NA,NA,12,IN
8,2,Chris,Chocolate Chia Seed Biscuits with Whisky Caramel Filling,'The Great British Sail Off' Game,NA,NA,NA,11,OUT
4,1,Christine,"Strawberry, Vanilla and Rosewater Summer Basket",Chocolate and Orange 'Fripperous' Hat Cake,NA,NA,NA,3,IN
4,2,Christine,Mediterranean Breadsticks with Oregano,Double Plaited Loaf,NA,NA,NA,4,IN
4,3,Christine,Caribbean Pina Colada Trifle,Ninety-NinersSachertorte Parcels,NA,NA,NA,4,STAR BAKER
4,4,Christine,"Granny Rogers' Apple, Plum & Cinnamon Country Pie",Roasted Vegetable Filo Pie with Feta Cheese,NA,NA,NA,7,IN
4,5,Christine,Mixed Berry and Almond Crumble Traybake,Shortbread Bavarian Clock Tower,NA,NA,NA,1,STAR BAKER
4,6,Christine,Oxford Nutty Fruit Loaf,Schnecken BunsVanilla Custard Skolebrød,NA,NA,NA,4,IN
4,7,Christine,Spotted Dick 'With a Kick'and Vanilla Custard Ice Cream,Eccles CakesFresh Fruit BasketsLemon Cream Eton Mess Mille-feuille,NA,NA,NA,6,IN
4,8,Christine,"Multi-Seeded Loaf with Pumpkin, Sesame and Sunflower Seeds",Sweet Potato Guitar with Passion Fruit Icing and Marshmallow Fondant,NA,NA,NA,5,OUT
5,1,Claire,Chocolatey Orangey Swirly Roll,Mini Chocolate and Cherry Cakes,NA,NA,NA,8,OUT
3,1,Danny,"Plum, Ginger & Orange",UNKNOWN,NA,NA,NA,7,IN
3,2,Danny,Lime Coriander and Coconut TortillasZaatar Naan with Dukkah,UNKNOWN,NA,NA,NA,3,IN
3,3,Danny,Savoury Pear and Roquefort Tarte Tatin,"Pineapple, Coconut and Frangipane Tart",NA,NA,NA,2,IN
3,4,Danny,"Blackberry, White Chocolate, Lemon and Elderflower Torte","'Monte Bianco' Chestnut, Chocolate and Coffee Dacquoise",NA,NA,NA,2,IN
3,5,Danny,"Chickpea, Spinach & Mushroom Wellington",Trick or Treat Pumpkin Pie,NA,NA,NA,7,IN
3,6,Danny,Banoffee Puddings with Walnut Butterscotch SauceJubilee Chocolate Fondants,"Leek, Potato, Pistachio and Gruyère Strudel",NA,NA,NA,2,IN
3,7,Danny,Bakewell Chelsea Buns,European Christmas Wreath,NA,NA,NA,2,STAR BAKER
3,8,Danny,Spiced Almond Drinks Crackers,Gingerbread Big Ben,NA,NA,NA,4,IN
3,9,Danny,Blackberry and Peppermint MacaroonsMiniature Raspberry and Basil FinanciersOrange and White Chocolate Langues de Chat,Rosewater and Lychee St. Honoré,NA,NA,NA,4,OUT
1,1,David,Chocolate Orange Cake,"Black Forest Floor Gateauxwith Moulded Chocolate Leaves, Fallen Fruitand Chocolate Mushrooms Moulded from eggs",NA,NA,NA,3,IN
1,2,David,Cheddar Cheese and Fresh Rosemary Biscuits,Choux Pastry Swans  Chocolate Profiteroles,NA,NA,NA,8,IN
1,3,David,Chilli Bread,"Walnut and Seed Roll
Red Berry and Almond Bun",NA,NA,NA,4,IN
1,4,David,Pear and Walnut Pudding,"Apple and Blackberry Crumble, Rhubarb and Orange Betty, Suet Pear",NA,NA,NA,5,OUT
4,1,Deborah,Pineapple Cake,'Coffee Time',NA,NA,NA,9,IN
4,2,Deborah,Fennel & Chilli Breadsticks,Walnut Fleur Loaf,NA,NA,NA,8,IN
4,3,Deborah,Tropical Trifle*,Canelé Cherry and Chocolate CakesRose Cookies,NA,NA,NA,9,OUT
5,1,Diana,Mum's Sunday Tea Lemon Curd Swiss Roll,Chocolate Ganache Surprises,NA,NA,NA,5,IN
5,2,Diana,Parmesan Triangles,"Express, First Class",NA,NA,NA,7,IN
5,3,Diana,Rustic Picnic Rolls,Sharing Savoury Pinwheel,NA,NA,NA,7,IN
5,4,Diana,Orange and Lemon Curd Pots,Raspberry Ripple Alaska Swan,NA,NA,NA,9,IN
6,1,Dorret,Madeira Cake with Candied Lemons,Enchanted Forest Gâteau,NA,NA,NA,5,IN
6,2,Dorret,Almond and Apricot Biscotti with Amber Sugar Crystals,Box of Frogs,NA,NA,NA,1,IN
6,3,Dorret,Walnut and Stilton Soda Breads,Unmade Bread,NA,NA,NA,6,OUT
1,1,Edd,Caramel Cinnamon and Banana Cake,N/A,NA,NA,NA,1,IN
1,2,Edd,Oatmeal Raisin Cookie,Pink Macarons,NA,NA,NA,6,IN
1,3,Edd,Olive Bread,Tomato and Mozzarella,NA,NA,NA,1,IN
1,4,Edd,Apple and Plum Pudding,"Apple and Cinnamon Crumble, Nutella Banana Brioche Bread Pudding, Rhubarb and Strawberry Suet Layer",NA,NA,NA,3,IN
1,5,Edd,"Chicken, Ham, Leek and Tarragon Pie","Almond Sweet Pastry with Ginger and Chocolate  Raspberry Tart / Yorkshire Curd Tart  Chickpea and Salami, Red and Yellow Pepper, Asparagus Gruyere Quiche Canapés",NA,NA,NA,2,IN
1,6,Edd,Cinnamon and Banana Cake,NA,NA,NA,NA,NA,WINNER
5,1,Enwezor,Raspberry and Lemon Swiss Roll,Coffee and Walnut Battenberg Squares,NA,NA,NA,9,IN
5,2,Enwezor,Pumpkin and Sunflower Savoury Biscuits,Space Adventure Moon Scene,NA,NA,NA,9,OUT
8,1,Flo,Citrus Layer Cake,'One in a Melon' Cake,NA,NA,NA,9,IN
8,2,Flo,Gin Jam Butties,'Pick My Bones' Game,NA,NA,NA,10,IN
8,3,Flo,Cinnamon and Orange Teacakes,'Davy Jones' Locker' Bread Sculpture,NA,NA,NA,7,OUT
6,1,Flora,Blood Orange Madeira Cake,Black Forest Gâteau,NA,NA,NA,6,IN
6,2,Flora,Wedding Biscotti,Honey and Earl Grey Tea Box,NA,NA,NA,2,IN
6,3,Flora,Fig and Hazelnut Rye Breads,Herb Couture,NA,NA,NA,2,IN
6,4,Flora,Rhubarb and Ginger Crème Brûlées,Elderflower and Granola Cheesecakes,NA,NA,NA,3,IN
6,5,Flora,"Pistachio, Apple and Cardamom Madeleine Cake",Chocolate and Pear Bûche,NA,NA,NA,3,IN
6,6,Flora,Apricot and Rosemary Frangipane Tart,Asparagus and Parma Ham and Praline and Chocolate Vol-au-vents,NA,NA,NA,2,IN
6,7,Flora,Game Pie with Shallot and Apple Chutney,"Raspberry, Pomegranate and Champagne Charlotte Russe",NA,NA,NA,4,IN
6,8,Flora,Peach & Lemon Thyme and Smoked Almond & Butterscotch Cream Horns,Lime & Basil and Coconut & White Chocolate Religieuse à l'ancienne,NA,NA,NA,3,IN
6,9,Flora,Passion Fruit and Chocolate Tart,Cocoa Carousel,NA,NA,NA,1,OUT
4,1,Frances,Giant Jam Sandwich,Secret Squirrel Cake,NA,NA,NA,7,IN
4,2,Frances,Giant Matchsticks,Sailor's Knot,NA,NA,NA,2,IN
4,3,Frances,Apple and Blackberry Crumble Trifle,'Ballet Bites' Ginger NutcrackersSugar Plum Fairy Cakes,NA,NA,NA,8,IN
4,4,Frances,Peach Pie In the Sky,Cherry Tree Baklava Filo Pie,NA,NA,NA,1,IN
4,5,Frances,Millionaire Banoffee Bonus,Biscuit Buttons and Beads,NA,NA,NA,3,IN
4,6,Frances,Chai Tea Loaf,Hot Cross BriochesRhubarb and Custard Kolaches,NA,NA,NA,2,IN
4,7,Frances,Figgy Roll-y Poly Puddingwith Caramelised Walnut and Honey Ice-Cream,French Framboise Cream HornsSheet Music Mille-feuilleBass Clef Palmiers,NA,NA,NA,5,STAR BAKER
4,8,Frances,'Chelsea Flour Show' Bun Bouquet,"Hidden Carrot Cake (Ground Praline, Beetroot and Walnut)",NA,NA,NA,3,IN
4,9,Frances,"Legume Canapés:
Chantenay CarrotsChoux Pastry TomatoesCauliflower Cheese Scones",Great British Soap Opera Cake,NA,NA,NA,2,IN
4,10,Frances,Rainbow Picnic Pie,Midsummer Night's Dream Wedding Cake,NA,NA,NA,3,WINNER
4,1,Glenn,Strawberries and Cream Cake,Almond and Espresso Chocolate Cake,NA,NA,NA,4,IN
4,2,Glenn,Rosemary and Parmesan Grissini,Harvest Crown,NA,NA,NA,7,IN
4,3,Glenn,Raspberry and Almond Trifle,Billionaire BouchéesOrange Financiers,NA,NA,NA,1,IN
4,4,Glenn,Apple & Maple Syrup Pie,Spanakopita (Walnut and Feta Cheese),NA,NA,NA,9,IN
4,5,Glenn,Apricot and Pistachio Tiffin,Shortbread and Macaron Helter-Skelter,NA,NA,NA,2,IN
4,6,Glenn,Devonshire Panettone,Almond and Apricot BriochesSticky Caramel Kanelbullen,NA,NA,NA,5,IN
4,7,Glenn,Prune and Armagnac Puddingwith Boozy Butterscotch Sauce,Caramelised Apple and Marzipan TartletsChocolate Elephant EarsPassion Fruit Mille-feuille,NA,NA,NA,3,OUT
2,1,Holly,Cherry Bakewell Inspired CupcakesGinger Cupcakes with Fig Truffle,UNKNOWN,NA,NA,NA,1,STAR BAKER
2,2,Holly,Pesto Quiche,Milk Chocolate and Pistachio TartsTrifle Tarts,NA,NA,NA,4,IN
2,3,Holly,Picnic Loaf,Stilton and Walnut Rolls,NA,NA,NA,6,IN
2,4,Holly,Strawberry and Custard Melts,"'Chocolate bars of my youth'
(Caramel Macarons, Mint Chocolate Macarons and Chocolate Orange Macarons)",NA,NA,NA,3,STAR BAKER
2,5,Holly,"Stilton, Potato and Caramelised Onion Pie",Lime Meringue Pie,NA,NA,NA,4,IN
2,6,Holly,Father Christmas' Baked Cheesecake,Hansel and Gretel's Croquembouche,NA,NA,NA,3,IN
2,7,Holly,"White Chocolate, Hazelnut and Raspberry Genoise Mousse Cake","Apricot, Macadamia and White Chocolate PinwheelsAlmond CroissantsApple, Raisin and Cinnamon Plaits",NA,NA,NA,1,IN
2,8,Holly,Banoffee Inspired Mille Feuille,Strawberry and Cream Meringue NestGooseberry and Elderflower 'Bakewell' TartsNeapolitan Ice-Cream Sandwich,NA,NA,NA,2,Runner-up
4,1,Howard,Passion Fruit and Coconut Cake,Black Forest Revisited,NA,NA,NA,6,IN
4,2,Howard,Moroccan Breadsticks,Picasso Sun Bread,NA,NA,NA,10,IN
4,3,Howard,Caramel and Apple Trifle*,Black Coffee and Cardamom CakesWhite Stilton and Pear Biscuits,NA,NA,NA,7,IN
4,4,Howard,Apple Pie with Sage Pastry,Fresh Fig and Feta Filo Flan,NA,NA,NA,5,IN
4,5,Howard,Breakfast Traybake,Japanese Pagoda Tea Tower,NA,NA,NA,8,IN
4,6,Howard,Date & Hemp Yorkshire Loaf,Peachy BunsGerman Baumschnecken,NA,NA,NA,7,OUT
5,1,Iain,Apricot and Basil Swiss Roll with Mascarpone and White Chocolate Cream,"Lemon Drizzle Cakes with Mascarpone Filling, Drizzled Icing, and Candied Lemon",NA,NA,NA,4,IN
5,2,Iain,Za'atar and Fig Biscuits,Wild West Scene,NA,NA,NA,11,IN
5,3,Iain,Cranberry and Walnut Rye Bread Rolls,Moroccan Plaited with a Bessara Dip,NA,NA,NA,9,IN
5,4,Iain,"Chocolate, Lime and Raspberry Fondants","Chocolate, Black Sesame Seed and Coffee Caramel Baked Alaska (not presented)",NA,NA,NA,6,OUT
2,1,Ian,Apple and Cinnamon Cupcakes,UNKNOWN,NA,NA,NA,10,IN
2,2,Ian,"Stilton, Spinach and New Potato Quichewith Paprika and Walnut Pastry",UNKNOWN,NA,NA,NA,2,IN
2,3,Ian,"Courgette, Caerphilly Cheese and Thyme Loaf",Walnut and Raisin RollsCracked Wheat Logs,NA,NA,NA,10,OUT
6,1,Ian,Somewhere West of Madeira Cake,Black Forest Cherry Tree,NA,NA,NA,8,IN
6,2,Ian,"Orange, Rosemary and Almond Biscotti",Sandwich de la Confiture,NA,NA,NA,3,STAR BAKER
6,3,Ian,Wild Garlic Pesto Soda Breads,Flour Power,NA,NA,NA,1,STAR BAKER
6,4,Ian,Pomegranate Two Ways Crème Brûlées,Trio of Spicy and Herby Baked Cheesecakes,NA,NA,NA,4,STAR BAKER
6,5,Ian,Honey and Flowers Cake,Dessert Island,NA,NA,NA,5,IN
6,6,Ian,Pear and Raspberry Frangipane Tart,vol-au-vents Terre et Mer,NA,NA,NA,3,IN
6,7,Ian,Roadkill Pie,Victoria's Crown Charlotte Russe,NA,NA,NA,5,IN
6,8,Ian,Mont Blanc & Black Forest Gâteau Horns,Nun with Hidden Passions,NA,NA,NA,2,IN
6,9,Ian,Chocolate and Bay Tart,Chocolate Well,NA,NA,NA,3,IN
6,10,Ian,Elderflower and Lemon & Spiced Buns,Colossal Curvy Carrot Cake,NA,NA,NA,2,Runner-up
3,1,James,"Parsnip, Pear, and Pecan","""Simmer Dim"" Sunset Cake",NA,NA,NA,2,IN
3,2,James,"Tomato, Garlic, and Parmesan FlatbreadsTattie Scones","Orange, Mint and Chocolate Bagels
'Millers' Sourdough Bagels",NA,NA,NA,2,IN
3,3,James,Apple and Lavender Tarte Tatin,"Rose, Lychee and Raspberry Fruit Tart",NA,NA,NA,1,STAR BAKER
3,4,James,"Hazelnut, Chocolate and Passionfruit Torte","Fig, Chestnut, Cherry and Chocolate Layered Meringue",NA,NA,NA,5,IN
3,5,James,Four Pig Wellington,Sweet Potato Pie,NA,NA,NA,6,IN
3,6,James,Banana and Clove PuddingsClootie Dumplings,"Strawberry, Rhubarb and Ginger Strudel",NA,NA,NA,7,IN
3,7,James,Easter Chelsea Buns,Whisky Kugelhopf-Brioche Baba,NA,NA,NA,1,IN
3,8,James,"Smoky Cayenne, Cumin and Chilli Crackers",Gingerbread Barn,NA,NA,NA,1,STAR BAKER
3,9,James,"Lemon and Rhubarb TartletsChocolate Indulgence Petits FoursChilli, Lime and Raspberry Macaroons","Coffee, Caramel and Hazelnut Paris-Brest",NA,NA,NA,1,STAR BAKER
3,10,James,Spanish Pithivier with Chorizo and Red Pepper,United Chiffon Cakes,NA,NA,NA,1,Runner-up
8,1,James,"Orange, Rhubarb & Ginger Crumble Cake",'Mock-accino and Croissant' Cake,NA,NA,NA,2,IN
8,2,James,Rhubarb and Custard Whirls,'Coppit' Game,NA,NA,NA,3,IN
8,3,James,Nordic Teacakes,'Owl in the Woods' Bread Sculpture,NA,NA,NA,9,IN
8,4,James,'Windy City' Millionaire Shortbreads,Nutty Caramel Cake,NA,NA,NA,2,IN
8,5,James,Orange and Ginger Steamed School Pudding,'The Missed Silver Jubilee' Trifle Terrine,NA,NA,NA,7,OUT
7,1,Jane,Lemon and Poppy Seed Drizzle Cake,Chocolate Orange Mirror Cake,NA,NA,NA,7,STAR BAKER
7,2,Jane,Flower Pot Iced Biscuits,Hastings Old Town Fishing Net Shops and Boat,NA,NA,NA,2,IN
7,3,Jane,Chocolate and Cranberry Couronne,Chorizo and Chilli Flower with Parmesan and Pesto Centre,NA,NA,NA,9,IN
7,4,Jane,Meat and Two Veg Yorkshires,Pistachio and White Chocolate Churros,NA,NA,NA,3,IN
7,5,Jane,"Orange Pain au Raisins, Raspberry, Chocolate and Almond Danish","Roquefort, Fig and Walnut Parcels and Cherry and Chocolate Cones",NA,NA,NA,1,IN
7,6,Jane,Lime and Coconut Meringue Pie,Three Tier Orange Cake with a Floral Chocolate Collar,NA,NA,NA,4,IN
7,7,Jane,Chocolate and Hazelnut Roulade,"Chocolate, Coffee, and Vanilla Joconde Cakes and Blackcurrant and Vanilla Ombre Mousses",NA,NA,NA,4,IN
7,8,Jane,Tudor Rose Pies,Swans,NA,NA,NA,5,IN
7,9,Jane,"Pesto and Sundried Tomato Palmiers and Goats Cheese, Olive and Parma Ham Palmiers",Pistachio and Raspberry Fondant Fancies and Lemon Curd Surprise Fondant Fancies,NA,NA,NA,1,IN
7,10,Jane,"Red, White and Blue Meringue Crown",Family Favourites Feast,NA,NA,NA,3,Runner-up
2,1,Janet,Raspberry and Cream Cupcakes,Chocolate Marble Cakewith Dark and White Chocolate Truffles,NA,NA,NA,8,IN
2,2,Janet,Quiche Printanière,Red Fruit TartsChocolate and Cherry Tarts,NA,NA,NA,8,IN
2,3,Janet,Zupfe Loaf with Gruyère Cheese,Apple and Walnut Granary Rolls Red Onion Cottage Rolls,NA,NA,NA,8,IN
2,4,Janet,Christmas Marzipan Biscuits,"Raspberry Macarons
Blackcurrant Macarons
Almond Macarons",NA,NA,NA,4,IN
2,5,Janet,Chicken and Chestnut Pie,Rhubarb Meringue Pie,NA,NA,NA,1,STAR BAKER
2,6,Janet,Rhubarb and Ginger Baked Cheesecake,Orange and Nougatine Croquembouche,NA,NA,NA,5,IN
2,7,Janet,Chocolate Amaretto Mousse Cake,Pain Aux RaisinPlain CroissantPain Au Chocolat,NA,NA,NA,4,OUT
1,1,Jasminder,Fresh Mango and Passion Fruit Hummingbird Cake,N/A,NA,NA,NA,NA,IN
1,2,Jasminder,Millionaires' Shortbread,Meringues with Chocolate and Space DustCoffee flavoured Eclairs,NA,NA,NA,2,IN
1,3,Jasminder,Focaccia,"Mango and Sultana Buns
Pan au Chocolat with Mars Bars
Tutti Frutti Wheel with Jelly Tots",NA,NA,NA,5,IN
1,4,Jasminder,Sticky Toffee Pudding with Tropical Fruit & Toffee Sauce,"Bread & Butter Pudding, Treacle Suet Pudding with Fresh Fruit, Apple and Pineapple Crumble",NA,NA,NA,2,IN
1,5,Jasminder,Chicken and Mushroom Pie,"Jaggery, Carrot, and Spiced Condensed Milk Tart  Fruit and Custard Tart  Thai Chili Red Onion, Duck in Plum Sauce, Salmon and Prawn Canapés",NA,NA,NA,4,OUT
2,1,Jason,Lemon Meringue CupcakesApple and Cinnamon Cupcakes,UNKNOWN,NA,NA,NA,6,IN
2,2,Jason,Salmon and Pak Choi Quiche,Mint Chocolate Tarts Blueberry Bakewell Tarts,NA,NA,NA,3,STAR BAKER
2,3,Jason,Cheese and Onion Tear and Share Loaf,UNKNOWN,NA,NA,NA,7,IN
2,4,Jason,Lebkuchen,"Mocktail Macarons
(Mojito, Cranberry Cooler, and Pina Colada)",NA,NA,NA,1,STAR BAKER
2,5,Jason,Brown Down Chicken Pie,Plum Meringue Pie,NA,NA,NA,7,OUT
3,1,John,"Toffee Apple, Orange & Cranberry",Hidden Pink Hearts Cake,NA,NA,NA,11,IN
3,2,John,"Coriander and Chilli RotisGarlic, Pomegranate and Potato Pitas","Fig, Walnut and Gruyere Bagels
Blueberry and White Chocolate Bagels",NA,NA,NA,1,STAR BAKER
3,3,John,Apple and Vanilla Tarte Tatin with Walnut Praline,"Berries, Grapes, Pomegranate, and Dragon Fruit Tart",NA,NA,NA,6,IN
3,4,John,'Torte Noir' Black Forest Torte with Boozy Cream,Elderflower and Bramble Berry Pavlova,NA,NA,NA,6,IN
3,5,John,Venison and Haggis Wellington,Star-Spangled Pecan Pie,NA,NA,NA,2,IN
3,6,John,Spicy Toffee PuddingsRaspberry and White Chocolate Puddings,Did not complete due to injury,NA,NA,NA,5,IN
3,7,John,Cherry and Almond Saffron Buns,Marzipan Stollen,NA,NA,NA,3,IN
3,8,John,Asian Spice Crackers,Gingerbread Roman Coliseum,NA,NA,NA,3,IN
3,9,John,Lemon MadeleinesWhite Chocolate and Raspberry TartletsDark Chocolate and Cherry Macaroons,Gateau St. Honoré a la Passion,NA,NA,NA,2,IN
3,10,John,Italian Sausage and Roasted Vegetable Pithivier,Heaven and Hell Chiffon Cake,NA,NA,NA,2,WINNER
1,1,Jonathan,Carrot Cake with Lime and Cream Cheese Icing,Three Tiered White and Dark Chocolate with Almond and Cherry,NA,NA,NA,9,IN
1,2,Jonathan,Honey and Candied Ginger Cookies,Meringues with Whiskey Cream,NA,NA,NA,1,IN
1,3,Jonathan,"Anchovy, Sweet Paprika and Oregano Bread","Sticky Lemon Honey Bun
Olive and Anchovy Roll
Sundried Tomatoes and Fresh Herbs Roll
Stilton, Walnut and Apple Roll
Cinnamon and Cardamom Chelsea Bun",NA,NA,NA,6,OUT
5,1,Jordan,Kawaii Frasier Swiss Roll,Lemon Drizzle Cakes with Blueberry and Lemon Curd,NA,NA,NA,12,IN
5,2,Jordan,"Sourdough, Parmesan and Chilli Biscuits",Monster Attack,NA,NA,NA,6,IN
5,3,Jordan,Rye and Spelt Bread Rolls,Strawberry Raspberry Cheesecake Brioche,NA,NA,NA,10,OUT
8,1,Julia,Courgette and Lemon Cake,'Russian Doll' Cake,NA,NA,NA,3,IN
8,2,Julia,Middle Eastern Delight Sandwich Biscuits,'A British Baking' Game,NA,NA,NA,4,IN
8,3,Julia,Earl Grey Dried Fruit Teacakes,'The Snail Under a Mushroom' Bread Sculpture,NA,NA,NA,2,STAR BAKER
8,4,Julia,Pecan Salted Caramel Millionaire Shortbreads,Poppy Seed Caramel Cake,NA,NA,NA,9,IN
8,5,Julia,Orange & Treacle Steamed School Pudding,'Opulent Ornament' Trifle Terrine,NA,NA,NA,3,IN
8,6,Julia,'Pies from the Tree' Decorative Pies,'Special Occasion' Pie,NA,NA,NA,7,OUT
5,1,Kate,Red Velvet and White Chocolate Swiss Roll,Mini Tiered Victoria Sponges,NA,NA,NA,6,IN
5,2,Kate,Parmesan and Apple Biscuits,Tea Time,NA,NA,NA,4,IN
5,3,Kate,Orange and Cardamom Rye Bread Knots,"Prosciutto, Olive and Coriander Bread",NA,NA,NA,1,IN
5,4,Kate,Chocolate and Salted Caramel Molten Puddings,"Pistachio, Raspberry and Chocolate Baked Alaska",NA,NA,NA,7,IN
5,5,Kate,Rhubarb and Custard Tart,"Rhubarb, Prune and Apple Pies",NA,NA,NA,3,STAR BAKER
5,6,Kate,"Pecan, Chocolate and Sour Cherry Yeast Cake",Trio of Dobos Tortes,NA,NA,NA,6,IN
5,7,Kate,Spinach and Paneer Spicy Samosa,Neapolitan & Lemon Meringue Éclairs,NA,NA,NA,4,OUT
7,1,Kate,Berry Best Apple and Bramble Drizzle Cake,One Swallow Does Not Make A Summer Cake,NA,NA,NA,4,IN
7,2,Kate,"""A Biscuit for the Broads""","""I Promise I will do my best""",NA,NA,NA,1,IN
7,3,Kate,Cobbled Loaf,The Corn Maiden,NA,NA,NA,8,IN
7,4,Kate,Christmas Dinner Compromise,Hot Cross Bunny Churros,NA,NA,NA,7,OUT
8,1,Kate,Moroccan Strawberry and Rose Cake,'Chocolate Terrarium' Cake,NA,NA,NA,1,IN
8,2,Kate,Coconut Seashells for a Titanic Afternoon Tea,'Jungle' Game,NA,NA,NA,8,IN
8,3,Kate,Blueberry Buns,'Kraken' Bread Sculpture,NA,NA,NA,10,IN
8,4,Kate,Salted Bay Caramel Millionaire Shortbreads,Sticky Toffee Apple Caramel Cake,NA,NA,NA,6,STAR BAKER
8,5,Kate,'Mr Darcy's Steamy Lake Scene' Steamed School Pudding,'My Great Great Nan's' Raspberry Trifle Terrine,NA,NA,NA,8,IN
8,6,Kate,'Vegetarian Pie Faces' Decorative Pies,Potato Curry Pie with Mango & Chilli Glaze,NA,NA,NA,5,IN
8,7,Kate,'Happy Hour' Cocktail Cannoli,'Flavour Fusion' Sfogliatelle,NA,NA,NA,6,IN
8,8,Kate,Burrito Bedfordshire Clangers,'Liver Building Turret' Savoy Cake,NA,NA,NA,2,IN
8,9,Kate,Bellini and Valencian Orange Choux Buns,'Rainbow' Meringue Centrepiece,NA,NA,NA,4,IN
8,10,Kate,"Roman Spelt, Coconut Kala Chana and Flower Breads","White Chocolate, Yuzu and Lychee Entremet",NA,NA,NA,3,Runner-up
2,1,Keith,Earl Grey Cupcakes,Chocolate and Sour Cream Cake,NA,NA,NA,12,OUT
4,1,Kimberley,Blood Orange Cake,"Chocolate, Raspberry & Basil Layer Cake",NA,NA,NA,10,IN
4,2,Kimberley,Nigella Seed and Parmesan Breadsticks,Peace Bread,NA,NA,NA,1,IN
4,3,Kimberley,"Peach, Almond and Ginger Trifle",Chocolate Pistachio FinanciersLemon Bergamot Biscuits,NA,NA,NA,6,IN
4,4,Kimberley,Pecan and Rosemary Caramel Apple Pie,"Chicken, Bacon and Butternut Squash Pie",NA,NA,NA,4,STAR BAKER
4,5,Kimberley,Cherry and Almond Bakewell Florentine Slice,Black and White Viennese Biscuit Stack,NA,NA,NA,7,IN
4,6,Kimberley,Chai Spiced Ginger and Date Tea Loaf,Double Chocolate and Hazelnut BriochesDanish Kanelsnurrer,NA,NA,NA,3,IN
4,7,Kimberley,Barberry and Apple Spotted Dickwith Maple Syrup and White Chocolate Custard,"Pear, Malt and Butterscotch Mille-feuilleBlackberry and Lemon Verbena Crème Brûle Custard TartsFig, Orange and Thyme Galette",NA,NA,NA,4,IN
4,8,Kimberley,Wild Garlic Pesto and Parma Ham Spelt Loaf,Butternut Squash and Spice Cake Toadstool House,NA,NA,NA,2,IN
4,9,Kimberley,Pea Purée TartsCrab and Wasabi ProfiterolesSteamed Buns with Barbecue Chicken,Passion Fruit and Lime Opera Cake,NA,NA,NA,1,STAR BAKER
4,10,Kimberley,Chicken and Pig Pie,Languages of Love Wedding Cake,NA,NA,NA,1,Runner-up
1,1,Lea,Cranberry and Pistachio Cakewith Orange Flower Water Icing,Raspberries and Cream filled Chocolatewith Chocolate-dipped Fresh Fruit,NA,NA,NA,10,OUT
7,1,Lee,St. Clements Orange and Lemon Drizzle Cake,Strawberry Surprise Mirror Cake,NA,NA,NA,11,OUT
8,1,Liam,Apple and Almond Crumble Maple Loaf,'Stackin' Sunday' Cake,NA,NA,NA,8,IN
8,2,Liam,Coffee Malted Pecan Shorties,'Classroom Classics' Game,NA,NA,NA,7,IN
8,3,Liam,Jamaican Spiced Teacakes,'Kneadapolitan' Bread Sculpture,NA,NA,NA,5,IN
8,4,Liam,Salted Peanut Butter Millionaire Shortbreads,White Layered Ginger Caramel Cake,NA,NA,NA,3,IN
8,5,Liam,Cherries & Lemons that are 'Baked Well','Cheers Lads' Trifle Terrine,NA,NA,NA,2,IN
8,6,Liam,'Standard FC' Decorative Pies,'Nan's Sunday Dinner' Pie,NA,NA,NA,4,STAR BAKER
8,7,Liam,'Just Doing Me' Cannoli,'Morning Delivery' Sfogliatelle,NA,NA,NA,2,IN
8,8,Liam,'Take Out' Bedfordshire Clangers,'Fort Wizardore' Savoy Cake,NA,NA,NA,5,OUT
1,1,Louise,Carrot and Orange Cake,"Never Fail Chocolate Sponge Cake,with Fresh Fruit, White & Chocolate Cigarello Border",NA,NA,NA,NA,IN
1,2,Louise,Stained Glass Window Shortbread,"Strawberry, Mint, and Cream Meringues  Chocolate Eclairs / Orange, Yellow and Pink Macarons",NA,NA,NA,4,OUT
7,1,Louise,Orange Liqueur and Lemonade Drizzle Cake,White Chocolate Trifle Mirror Glaze Cake,NA,NA,NA,9,IN
7,2,Louise,Baa Bara Brith Biscuits,Gingerbread Wedding,NA,NA,NA,10,OUT
4,1,Lucy,Timperley Early Cake,Thyme 'Wildwood' Cake,NA,NA,NA,2,IN
4,2,Lucy,Grissini with Salt,Roast Tomato Bread,NA,NA,NA,12,OUT
5,1,Luis,Spanish Swiss Roll,Raspberry and Lemon Genoise Slices with Lemon Drizzles,NA,NA,NA,7,IN
5,2,Luis,Black Olive and Rosemary Biscuits with Caramelised Onion Glaze,George Versus The Dragon,NA,NA,NA,3,IN
5,3,Luis,Opposites Attract Rolls,Roscón de Reyes,NA,NA,NA,2,STAR BAKER
5,4,Luis,Pears in Puddings,Bakewell Alaska,NA,NA,NA,2,IN
5,5,Luis,Tropical Manchester Tart,Four Fruity Seasons Tower,NA,NA,NA,6,IN
5,6,Luis,Apple and Cinnamon Kugelhopf with Honeyed Apples,The Cage on the Rocky Hill,NA,NA,NA,3,IN
5,7,Luis,Childhood Empanadas,"Stars and Stripes Éclairs
(Blueberry Cheesecake & Peanut Butter and Jelly Éclairs)",NA,NA,NA,5,IN
5,8,Luis,Black Forest Cherry Tree,"Cocktail Doughnuts
(Mudslide & Raspberry Mojito)",NA,NA,NA,2,IN
5,9,Luis,Indian Rose BaklavaHalwa Baklava Rolls,"Chocolate Mousse & Cherry EntremetsPomegranate, Fig & Pistachio Sponges",NA,NA,NA,1,IN
5,10,Luis,"Apple, Walnut, Raisin and Cheshire Cheese ChaussonsPain au Chocolat Blanc with Raspberries and Cream Cheese",Village in Chocolate,NA,NA,NA,2,Runner-up
3,1,Manisha,"Vanilla, Peach and Raspberry",White Chocolate Cake with a Red Velvet and White Chocolate Mousse Heart,NA,NA,NA,6,IN
3,2,Manisha,Indian FlatbreadsItalian Flatbreads,UNKNOWN,NA,NA,NA,6,IN
3,3,Manisha,"Cinnamon, Apple and Pear Tarte Tatin",Rum and Tropical Fruit Tart,NA,NA,NA,10,IN
3,4,Manisha,"Almond, Chocolate and Cherry Torte",Tiramisu Layered Meringue Dessert,NA,NA,NA,9,IN
3,5,Manisha,Lamb Wellington with Rosemary and Mint,Banana Scotch Pie,NA,NA,NA,5,OUT
6,1,Marie,Zingy Citrus Madeira Cake,A Walk in the Black Forest,NA,NA,NA,3,STAR BAKER
6,2,Marie,Biscotti Italiano,Russian Box,NA,NA,NA,11,OUT
1,1,Mark,Sticky Marmalade Tea Loaf,Heart-shaped Chocolate and Beetroot Cake with Store-Bought silver chocolate hearts and chocolate red and white roses.,NA,NA,NA,NA,OUT
4,1,Mark,Lemon and Poppy Seed Cake,Chocolate Monster,NA,NA,NA,5,IN
4,2,Mark,Rosemary & Raisin Breadsticks,Sage & Garlic Plait,NA,NA,NA,6,IN
4,3,Mark,"Ginger, Mango and Passion Fruit Trifle",Rose and Pistachio MacaroonsChocolate and Raspberry Bites,NA,NA,NA,11,OUT
5,1,Martha,Tiramisu Swiss Roll,Mini Lemon and Thyme Drizzle Cakes,NA,NA,NA,2,IN
5,2,Martha,Caramelised Onion and Goat's Cheese Sandwich Biscuits,Ski Village Scene,NA,NA,NA,5,IN
5,3,Martha,Date and Walnut Rye Rolls,Stuffed Sunflower Loaf,NA,NA,NA,3,IN
5,4,Martha,Peanut Butter Chocolate Fondants,Key Lime Baked Alaska,NA,NA,NA,1,IN
5,5,Martha,"Pistachio, Apricot and Honey Custard Tart",Three Little Pigs Pie,NA,NA,NA,1,IN
5,6,Martha,Dark Chocolate and Almond Liqueur Savarin,Chess-Themed Chocolate and Salted Caramel Dobos Torte,NA,NA,NA,4,IN
5,7,Martha,Mini Beef Wellingtons,Rhubarb and Custard & Maple Syrup and Bacon Éclairs,NA,NA,NA,3,IN
5,8,Martha,Spiced Plum Iced Bread Swirl,Glazed Lemon & Poppy Seed DoughnutsChocolate & Passion Fruit Doughnuts,NA,NA,NA,5,OUT
2,1,Mary-Anne,Banoffee Cupcakes,Chocolate and Raspberry Opera cake,NA,NA,NA,4,IN
2,2,Mary-Anne,"Roasted Cauliflower, Cheese andCaramelised Onion Quiche",Butterscotch Brulée Tarts in Pecan PastryApple Rose Tarts,NA,NA,NA,9,IN
2,3,Mary-Anne,Ploughman's Loaf,Herb and Walnut BreadsChocolate and Chilli Buns,NA,NA,NA,5,IN
2,4,Mary-Anne,Melting Moments,Blackcurrant and Mint MacaronsGooseberry and Elderflower MacaronsHazelnut Macarons,NA,NA,NA,2,IN
2,5,Mary-Anne,Chicken and Bacon Pie,Midnight Meringue,NA,NA,NA,2,IN
2,6,Mary-Anne,Tutti Fruitti Curd Baked Cheesecake,Orange and Praline Croquembouche with Cardamom Caramel,NA,NA,NA,4,IN
2,7,Mary-Anne,Chocolate and Orange Mousse Cake,Raspberry Rose DanishesPraline SpiralsAlsatian Plaited Danishes,NA,NA,NA,2,IN
2,8,Mary-Anne,Lemon and Ginger Mille Feuille,Fruit Tarts with Elderflower CustardStrawberry and Rhubarb CheesecakesBlack Fruit Meringue with Everlasting Syllabub,NA,NA,NA,3,Runner-up
6,1,Mat,Gin and Tonic Madeira Cake,Black Forest Gateau,NA,NA,NA,7,IN
6,2,Mat,"Pistachio, Cranberry and White Chocolate Biscotti",Gingerbread Fire Engine,NA,NA,NA,5,IN
6,3,Mat,"Jalapeño, Mexican Cheddar and Smoked Salt Soda Breads",Curry Inspired Brighton Pavilion,NA,NA,NA,8,IN
6,4,Mat,Coconut Crème Brûlées,Chocolate Bar Cheesecakes,NA,NA,NA,7,IN
6,5,Mat,Sugar Free Carrot Cake,Raspberry and Coconut Ice Cream Roll,NA,NA,NA,4,IN
6,6,Mat,Piña Colada Frangipane Tart,His 'n' Hers Vol-au-vents,NA,NA,NA,1,STAR BAKER
6,7,Mat,Raised Venison and Pigeon Pie,Strawberry Charlotte Russe,NA,NA,NA,6,OUT
7,1,Michael,"Lime, Ginger and Honey Drizzle Cake",Matcha Tea Chocolate Mirror Glaze,NA,NA,NA,3,IN
7,2,Michael,"Malt, Chocolate and Orange Iced ""Beer"" Biscuits",Trip to See Santa in Lapland,NA,NA,NA,9,IN
7,3,Michael,Chocolate and Chilli Swirl Plait,Cypriot Dove and Olive Branch Plaited Loaf with Houmous,NA,NA,NA,7,OUT
1,1,Miranda,"Triple Layered Brownie Meringue Cake
with Raspberry Cream",Three Tiered Chocolate Fudge Cake  with Handmade Chocolate Button Decorations,NA,NA,NA,8,IN
1,2,Miranda,Fresh Vanilla Biscuits with Royal Icing,Pistachio Macarons,NA,NA,NA,3,IN
1,3,Miranda,Walnut and Apricot Bread,"Lemon Iced Buns
Chocolate and Orange Buns",NA,NA,NA,3,IN
1,4,Miranda,Sticky Toffee Pudding,"Queen of Puddings, Chocolate Pear Roly Poly, Strawberry and Rhubarb Crumble",NA,NA,NA,1,IN
1,5,Miranda,"Summery Salmon, Cod and Prawn Fish Pie","Chocolate Pastry filled with Orange Cheesecake  Chocolate Pastry filled with Milk Chocolate Ganche  Strawberry Tart with Red Currant Glaze  Cheesy Crab, Broad Bean and Tomato, Pancetta Risotto Canapés",NA,NA,NA,1,IN
1,6,Miranda,Lemon Cupcake,Eliminated after signature,NA,NA,NA,NA,Runner-up
6,1,Nadiya,Orange and Green Cardamom Madeira Cake,Quadruple Chocolate Black Forest Gâteau,NA,NA,NA,12,IN
6,2,Nadiya,"Coconut, Fennel and Pistachio Biscotti",Box of Fortunes,NA,NA,NA,9,IN
6,3,Nadiya,Mexican Bread with Warm Tomato Salsa,Snake Charmer's Basket,NA,NA,NA,9,IN
6,4,Nadiya,Cinnamon Tea Crème Brûlées,Fizzy Pop Cheesecakes,NA,NA,NA,8,IN
6,5,Nadiya,Naked Blueberry and Caraway Crunch Cake,Chocolate and Strawberry Lime Ice Cream Roll,NA,NA,NA,1,STAR BAKER
6,6,Nadiya,"Bay Leaf, Rong Tea and Pear Tart",Bengali Korma and Clementine with Cod Vol-au-vents,NA,NA,NA,4,IN
6,7,Nadiya,Aromatic Raised Game Pie,Mango and Raspberry Charlotte Russe,NA,NA,NA,1,IN
6,8,Nadiya,Rose Pistachio and Mocha Hazelnut Horns,Bubble Gum and Peppermint Cream Religieuse à l'ancienne,NA,NA,NA,1,STAR BAKER
6,9,Nadiya,Peanut Salted Caramel and Chocolate Tart,Peacock in Nan's Door,NA,NA,NA,4,STAR BAKER
6,10,Nadiya,Cardamom and Almond Buns & Nutmeg and Sour Cherry Fingers,My Big Fat British Wedding Cake,NA,NA,NA,1,WINNER
5,1,Nancy,Coffee and Hazelnut Swiss Roll,Jaffa Orange Cakes,NA,NA,NA,1,STAR BAKER
5,2,Nancy,Fennel and Rye Thins,Hansel and Gretel Scene,NA,NA,NA,2,IN
5,3,Nancy,Cider and Walnut Crusty Rolls,'Full English' Stromboli,NA,NA,NA,5,IN
5,4,Nancy,Pistachio Puddings with Chocolate Sauce,Summer Pudding Alaska,NA,NA,NA,4,IN
5,5,Nancy,Chocolate Crusted Passion Fruit Tart,Trio of Apple Pies,NA,NA,NA,4,IN
5,6,Nancy,Rum Punch Savarin with Coconut Cream and Tropical Fruits,Chocolate and Caramel Dobos Torte,NA,NA,NA,1,IN
5,7,Nancy,Spicy Duck Pasties,Smoked Salmon and Horseradish & Raspberry Ripple Éclairs,NA,NA,NA,2,IN
5,8,Nancy,Lincolnshire Plum Braid,"Doughnut Family Tree
(Limoncello and Almond & Milk Chocolate and Orange)",NA,NA,NA,3,IN
5,9,Nancy,Coffee and Chocolate BaklavaBreakfast Baklava,Raspberry NonnettesLime and Passion Fruit Entremets,NA,NA,NA,3,IN
5,10,Nancy,Apple and Lemon KitesRaspberry and Almond Croissants,Red Windmill,NA,NA,NA,1,WINNER
3,1,Natasha,Pineapple & Passion Fruit,Mother's Day Layered Rose Cake,NA,NA,NA,12,OUT
5,1,Norman,Black Forest Swiss Roll,Almond and Raspberry Mini Cakes,NA,NA,NA,11,IN
5,2,Norman,Farthing Biscuits,Zulu Boats at Dawn,NA,NA,NA,10,IN
5,3,Norman,Rye Bread Rolls,Chicken and Roasted Vegetable Picnic Loaf,NA,NA,NA,4,IN
5,4,Norman,Mini Sticky Toffee Puddings,Baked Alaska with Strawberry Surprise,NA,NA,NA,8,IN
5,5,Norman,Tarte au Citron,Pieful Tower,NA,NA,NA,5,OUT
6,1,Paul,"Lemon, Ginger and Caraway Seed Madeira Cake",Black Forest Chocolate Creation,NA,NA,NA,10,IN
6,2,Paul,"Chocolate, Hazelnut and Fig Biscotti",Memory Box,NA,NA,NA,10,IN
6,3,Paul,Cranberry and Orange Sweet Soda Breads,King of the Jungle,NA,NA,NA,10,IN
6,4,Paul,Almond Crème Brûlées,Berry Cheesecake Tower,NA,NA,NA,1,IN
6,5,Paul,Carrot & Pecan Cake,Dessert Island Getaway,NA,NA,NA,2,IN
6,6,Paul,Christmas Frangipane Tart,Savoury and Sweet Bouchées,NA,NA,NA,5,IN
6,7,Paul,Not a Boaring Pie,Charlotte Rose,NA,NA,NA,2,IN
6,8,Paul,Café Tipple & Banana Crunch-away Horns,Religieuse à l'ancienne,NA,NA,NA,5,OUT
3,1,Peter,"Pear, Muscat & Chocolate",Jubilee Cake,NA,NA,NA,3,IN
3,2,Peter,Fennel and Nigella Seed NaanBannock Bread,"Rosemary and Sea Salt Bagels
Apple and Cinnamon Bagels",NA,NA,NA,11,OUT
8,1,Peter,Coconut Cake,'Bread on a Breadboard' Cake,NA,NA,NA,10,OUT
7,1,Rav,Ginger Spice Yuzu Drizzle Cake,Colombian Mocha Mirror Glaze Cake,NA,NA,NA,8,IN
7,2,Rav,Union Jack Bunting Biscuits,Gingerbread Christmas Fairground,NA,NA,NA,6,IN
7,3,Rav,"Chocolate, Cardamom and Hazelnut Loaf",Three Tier Diwali Bread Centrepiece,NA,NA,NA,10,IN
7,4,Rav,Thai Tofu Panang Yorkshires,Three Dip Matcha Pistachio Churros,NA,NA,NA,9,IN
7,5,Rav,"Cinnamon Swirls and Pecan, Walnut and Maple Plaits",Chinese Style Prawn Filo Tartlets and Spiced White Chocolate and Hazelnut Samosas,NA,NA,NA,8,IN
7,6,Rav,Mandarin Margarita Meringue Pie,Blossom Cake,NA,NA,NA,3,OUT
5,1,Richard,Pistachio and Strawberry Swiss Roll,Miniature Coffee & Walnut Cakes,NA,NA,NA,10,IN
5,2,Richard,Rosemary Seeded Crackers,Pirates!,NA,NA,NA,1,STAR BAKER
5,3,Richard,Rye and Cranberry Rolls,Pesto Pinwheel,NA,NA,NA,6,IN
5,4,Richard,Black Forest Chocolate Fondants,Tiramisu Baked Alaska,NA,NA,NA,5,STAR BAKER
5,5,Richard,Fig and Orange Tart,Three Course Autumn Pie Feast,NA,NA,NA,7,IN
5,6,Richard,Fruity Guglhupf with an Orange Glaze,Sugar Forest Dobos Torte,NA,NA,NA,5,IN
5,7,Richard,Minted Lamb Pasties,"Stair of Éclairs
(Lavender and Blueberry & Rose and Raspberry Éclairs)",NA,NA,NA,1,STAR BAKER
5,8,Richard,Fruit Swedish Tea Ring,Rhubarb and Custard and Toffee Apple Doughnuts,NA,NA,NA,4,STAR BAKER
5,9,Richard,Rose and Pistachio BaklavaWalnut and Almond Baklava,Hazelnut Mocha EntremetsPink Grapefruit Entremets,NA,NA,NA,2,STAR BAKER
5,10,Richard,Pear Pain au ChocolatPain Au Lait,Mill on the Hill,NA,NA,NA,3,Runner-up
2,1,Robert,Blackberry and Vanilla Cupcakeswith Liquorice Frosting,Genoise Layered Mousse Cakewith Chocolate Ganache,NA,NA,NA,3,IN
2,2,Robert,Smoked Bacon and Kale Quiche,"Chocolate, Fennel and Ginger TartAlmond, Creme Patissiere and Poached Pear Tart",NA,NA,NA,5,IN
2,3,Robert,Rye and Coriander Seed Loaf,Blueberry Brioche RollsLemon and Poppy Seed Rolls,NA,NA,NA,4,IN
2,4,Robert,Chocolate and Ginger Oat Biscuits,Strawberry and Lime MacaronsLemon MacaronsChocolate and Cardamom Macarons,NA,NA,NA,7,IN
2,5,Robert,Chicken and Mushroom Pie,Rhubarb and Custard Meringue Pie,NA,NA,NA,3,OUT
4,1,Robert,Pecan and Apple Cake,Raspberry Chocolate Cake,NA,NA,NA,1,STAR BAKER
4,2,Robert,Twisty Rye Bread Sticks,Tribute Loaf,NA,NA,NA,5,IN
4,3,Robert,Rhubarb and Orange Trifle,Almond FriandsTurǫn Macaroons,NA,NA,NA,2,IN
4,4,Robert,Apple and Pear Pie with Thyme,Spanakopita with St George's Mushrooms,NA,NA,NA,3,IN
4,5,Robert,Blueberry & Orange Traybake,Dalek,NA,NA,NA,4,OUT
4,1,Ruby,Rhubarb and Custard Sandwich Cake,Chocolate and Ginger Night Sky Cake,NA,NA,NA,12,IN
4,2,Ruby,Mexican Breadsticks,White Chocolate and Orange Peacock Bread,NA,NA,NA,3,STAR BAKER
4,3,Ruby,Desert Island Trifle,Lemon Shortbread and White Chocolate SeashellsBlackberry and Chocolate Layer Cakes,NA,NA,NA,3,IN
4,4,Ruby,Apple and Marzipan Pie,"Rose, Almond and Raspberry Filo Pie",NA,NA,NA,6,IN
4,5,Ruby,Blackberry and Lemon Bakewell Slice,'Dropped Ice-Cream' Biscuit Centrepiece,NA,NA,NA,6,IN
4,6,Ruby,Citrus Tea Loaf,Twisted Swedish KanelbullarSaffron St. Lucia Buns,NA,NA,NA,1,STAR BAKER
4,7,Ruby,Plum Jam Roly-Polywith Ginger Ice cream,Raspberry and Passion Fruit Mille-feuilleCaramelised Apple LatticePortuguese Custard Tarts,NA,NA,NA,2,IN
4,8,Ruby,Mango and Nigella Seed Spelt Cob,Carrot Cake and Pistachio Garden Plot,NA,NA,NA,1,STAR BAKER
4,9,Ruby,"Beetroot Jelly on Poppy Seed BiscuitsSpinach, Parmesan and Egg TartletsChoux Buns with Goat's Cheese and Caramelised Onions","Chocolate, Almond Praline and Saffron Opera Cake",NA,NA,NA,4,IN
4,10,Ruby,Picnic Basket Pie,"Raspberry, Lemon and Passion Fruit Wedding Cake",NA,NA,NA,2,Runner-up
1,1,Ruth,Three Tiered Lemon Drizzle Cakewith Fresh Cream and freshly made Lemon Curd,Classic Chocolate Sponge wrapped in a Chocolate Collartopped with Handmade White and Dark Chocolate Truffles,NA,NA,NA,NA,IN
1,2,Ruth,Peanut Shortbread withSalted Peanut Caramel,Almond Macaron with Violet ButtercreamRaspberries and Cream Eclairs,NA,NA,NA,5,IN
1,3,Ruth,Maple and Pecan Bread,"Chocolate and Orange Panettone
Cranberry Bagels",NA,NA,NA,2,IN
1,4,Ruth,Peach and Blueberry Boy Bait,"Apple & Ginger Crumble, Rhubarb Suet Crust, Cherry Queen of Puddings",NA,NA,NA,4,IN
1,5,Ruth,Minced Beef Pie,"Raspberry and Dark Chocolate Tart  Creme Patisserie and Cherry Tart  Citrus Curd Tart with Creme Brulee top  Tomato, Asparagus Twirl Canapés",NA,NA,NA,3,IN
1,6,Ruth,"Mint, Ginger and Blackberry Cake",NA,NA,NA,NA,NA,Runner-up
3,1,Ryan,Kumquat and Orange Polenta,Hidden Flowerbed Mousse Cake,NA,NA,NA,8,IN
3,2,Ryan,Shanghai Spring Onion FlatbreadsGarlic and Coriander Naan,"Cinnamon and Date Bagels
Tarragon and Rosemary Bagels",NA,NA,NA,5,IN
3,3,Ryan,Spiced Pear Tarte Tatin,UNKNOWN,NA,NA,NA,5,IN
3,4,Ryan,Green Tea Opera Torte,"Strawberry, Rose and Pistachio Meringue",NA,NA,NA,7,IN
3,5,Ryan,Curry Spiced Seabass Wellington,Key Lime Pie,NA,NA,NA,8,STAR BAKER
3,6,Ryan,Chocolate FondantsSticky Ginger and Date Puddings,"Apple, Sour Cherry, Raisin and Mixed Nuts Strudel",NA,NA,NA,6,IN
3,7,Ryan,Lardy Cakes,Char Siu Bao,NA,NA,NA,6,OUT
6,1,Sandy,Madeira Cake with Almond Liqueur and Chopped Apricots,Black Forest Gâteau,NA,NA,NA,9,IN
6,2,Sandy,Chocolate Chunk and Hazelnut Biscotti,Sundried Tomato Cheese Biscuit Box,NA,NA,NA,4,IN
6,3,Sandy,Soda Breads with Smoked Bacon and Onion,Basket of Bread Flowers with a Walnut and Blue Cheese Centre,NA,NA,NA,7,IN
6,4,Sandy,Pontefract Crème Brûlées,"Cassata, Whisky and Orange & Apple Pie Cheesecakes",NA,NA,NA,6,OUT
3,1,Sarah-Jane,"Pear, Chocolate and Hazelnut",Hidden Crown Cake,NA,NA,NA,1,IN
3,2,Sarah-Jane,Toasted Coconut and Lime RotisOatcakes,UNKNOWN,NA,NA,NA,10,IN
3,3,Sarah-Jane,Caramelised Banana Tarte Tatin,French Apple Tart with Blackberry and Cassis Jam,NA,NA,NA,8,IN
3,4,Sarah-Jane,Chocolate and Almond Truffle Torte,Hazelnut Tiramisu Layered Meringue,NA,NA,NA,4,IN
3,5,Sarah-Jane,Beef Wellington with Parma Ham and Gorgonzola Cheese,Chocolate and Banana Cream Pie,NA,NA,NA,4,IN
3,6,Sarah-Jane,Sticky Toffee PuddingsGranny's Saucy Lemon Puddings,Sweet Strudel with Sour Cherries,NA,NA,NA,4,IN
3,7,Sarah-Jane,"Orange, Nutmeg and Saffron Buns",Sour Cherry and Dark Chocolate Christmas Plait,NA,NA,NA,7,OUT
7,1,Selasi,Citrus and Spice Drizzle Cake,"Raspberry, Sloe and White Chocolate Mirror Glaze Cake",NA,NA,NA,1,IN
7,2,Selasi,"""Wheelie Hot Iced Biscuits""",Stained Glass Window Gingerbread Church,NA,NA,NA,11,IN
7,3,Selasi,"Chocolate, Orange and Cinnamon Bread",Bedouin Escape Tear and Share Bread,NA,NA,NA,5,IN
7,4,Selasi,Perfect Sunday Roast Accompaniment,Lemon and Anise Churros,NA,NA,NA,8,IN
7,5,Selasi,"Rhubarb, Mango and Ginger Plait, and Pineapple and Coconut Pinwheels","Parma Ham, Asparagus and Cheese Filo Cigars and Coffee Cream Filo Cups",NA,NA,NA,3,IN
7,6,Selasi,"Grapefruit, Orange and Mint Meringue Pie",Three Tiered Ombré Floral Cake,NA,NA,NA,7,IN
7,7,Selasi,Summer Picnic Roulade,"Lemon, Strawberry and Passionfruit and Chocolate and Mint Mini Mousse Cakes",NA,NA,NA,6,IN
7,8,Selasi,Bouquet of Flowers,Fruity Tudor Marchpane,NA,NA,NA,3,IN
7,9,Selasi,"Sundried Tomato, Onion, Peppers and Parmesan Palmiers and Salmon, Spinach and Mushroom Palmiers",Lime and Ginger Fondant Fancies and Pink Velvet and Raspberry Prosecco Fondant Fancies,NA,NA,NA,4,OUT
2,1,Simon,Guinness and Chocolate Cupcakes,Two-Tiered Chocolate Courgette Cake,NA,NA,NA,9,IN
2,2,Simon,Smoked Haddock and Watercress Quiche,"Passion Fruit and Ricotta TartsSalted Chocolate, Stem Ginger and Mascarpone Cream Tarts",NA,NA,NA,11,OUT
8,1,Sophie,Pineapple and Coconut Sandwich Cake,'Champagne Bottle and Bucket' Cake,NA,NA,NA,5,IN
8,2,Sophie,Lemon Limoncino Sandwich Biscuits,'Snakes and Ladders' Game,NA,NA,NA,2,IN
8,3,Sophie,Tagine Teacakes,'Picnic Basket' Bread Sculpture,NA,NA,NA,6,IN
8,4,Sophie,Jaffa Millionaire Shortbreads,Bird's Nest Caramel Cake,NA,NA,NA,4,IN
8,5,Sophie,"Ginger, Fig and Honey Steamed School Pudding","Raspberry, Yuzu & White Chocolate Bûche Trifle Terrine",NA,NA,NA,1,STAR BAKER
8,6,Sophie,'The Four Seasons' Decorative Pies,Game Pie with Glazed Forest Fruits,NA,NA,NA,2,IN
8,7,Sophie,'Classics with a Twist' Cannoli,'Classics' Sfogliatelle,NA,NA,NA,3,IN
8,8,Sophie,Char Siu & Banana Praline Bedfordshire Clangers,Citrus with Green Apple Croquembouche Savoy Cake,NA,NA,NA,4,IN
8,9,Sophie,Strawberry & Rhubarb and Chestnut & Vanilla Choux Buns,'Tutu with Opera Filling' Meringue Centrepiece,NA,NA,NA,1,STAR BAKER
8,10,Sophie,"Spelt Boules, Mushroom Ciabatta and Orange Plaited Brioche",'Ode to the Honey Bee' Entremet,NA,NA,NA,2,WINNER
8,1,Stacey,Granny Smith Apple and Walnut Cake,'Black Evening Clutch Bag' Cake,NA,NA,NA,11,IN
8,2,Stacey,Sparkly Chocolate and Marshmallow Fluff Cookies,'Get to School' Game,NA,NA,NA,9,IN
8,3,Stacey,Cranberry and Cinnamon Teacakes,'Ascot Hat' Bread Sculpture,NA,NA,NA,1,IN
8,4,Stacey,Rum Salted Caramel Millionaire Shortbreads,Chocolate and Coffee Caramel Cake,NA,NA,NA,1,IN
8,5,Stacey,Bakewell Tart Steamed School Pudding,Tropical Trifle Terrine,NA,NA,NA,4,IN
8,6,Stacey,'Love Theme' Decorative Pies,Indian Hand Raised Pie with Mango,NA,NA,NA,6,IN
8,7,Stacey,My All Time Favourite Desserts,Pastry Surprise,NA,NA,NA,4,IN
8,8,Stacey,Camembert & Onion and Apple & Blueberry Bedfordshire Clangers,'Bright' Lemon & Orange Savoy Cake,NA,NA,NA,3,STAR BAKER
8,9,Stacey,'Choux-nicorn and Choux-moji' Choux Buns,'Flamingos in Love' Meringue Centrepiece,NA,NA,NA,2,OUT
8,1,Steven,Bonfire Night Cake,'A Baker's Lunch' Cake,NA,NA,NA,6,STAR BAKER
8,2,Steven,Amarpressi Biscuits,'Check Bake' Game,NA,NA,NA,6,STAR BAKER
8,3,Steven,Madras Cocktail Teacakes,'The Bag I Knead' Bread Sculpture,NA,NA,NA,3,IN
8,4,Steven,Orange Macadamia Nut Millionaire Shortbreads,Caramel Crown Cake,NA,NA,NA,7,IN
8,5,Steven,Lemon & Blackcurrant Drizzle Steamed School Pudding,'From Across the Jelly Pond' Trifle Terrine,NA,NA,NA,5,IN
8,6,Steven,'Fleetwood Mac' Decorative Pies,Christmas Pie,NA,NA,NA,3,IN
8,7,Steven,Italian Style Cannoli,'Sicilian-style' Sfogliatelle,NA,NA,NA,1,STAR BAKER
8,8,Steven,'Mediterranean Medley' Bedfordshire Clangers,Chestnut Rum Savoy Cake,NA,NA,NA,1,IN
8,9,Steven,Key Lime Cheesecake and Bakewell Tart Choux Buns,'Some Air Over the Rainbow' Meringue Centrepiece,NA,NA,NA,3,IN
8,10,Steven,"Spelt & Rye, Toasted Garlic & Fontina and Sweet Chocolate Breads",'Yin Yang' Entremet,NA,NA,NA,1,Runner-up
6,1,Stu,Marley Madeira Cake,Purple Forest Gâteau,NA,NA,NA,11,OUT
3,1,Stuart,Tomato and Ginger,Lemon and Pistachio Union Flag Cake,NA,NA,NA,9,IN
3,2,Stuart,Bombay BreadChorizo and Spring Onion Naan,"Cinnamon and Cranberry Bagels
Tomato and Thyme Bagels",NA,NA,NA,9,IN
3,3,Stuart,Pear and Almond Tarte Tatin,Raspberry Triple Chocolate Layered Tart,NA,NA,NA,7,IN
3,4,Stuart,Black Forest Torte,Choca Blocka Mocha Meringue,NA,NA,NA,8,OUT
6,1,Tamal,Pistachio and Rose Madeira Cake,Black Forest Gâteau in a Chocolate Shell,NA,NA,NA,4,IN
6,2,Tamal,"Cinnamon, Maple and Cranberry Biscotti",Chessboard Box,NA,NA,NA,8,IN
6,3,Tamal,"Fig, Cheese and Walnut Breads",Breadcycle,NA,NA,NA,3,IN
6,4,Tamal,Rhubarb and Ginger Crème Brûlées,"Mango, Hazelnut and Rosemary Cheesecake Trio",NA,NA,NA,5,IN
6,5,Tamal,Honey and Grapefruit Polenta Cake,Passion Fruit and Pineapple Ice Cream Roll,NA,NA,NA,7,IN
6,6,Tamal,Spiced Pear Frangipane Tart,Fennel and Rosemary Pulled Pork and Chicken and Coriander vol-au-vents,NA,NA,NA,7,IN
6,7,Tamal,Middle Eastern Game Pie,"Spiced Blackberry, Raspberry and Cardamom Charlotte Russe",NA,NA,NA,3,STAR BAKER
6,8,Tamal,Lime & Mascarpone and Malt Cream Horns,Passionfruit & Mango and Pistachio & Raspberry Religieuse à l'ancienne,NA,NA,NA,4,IN
6,9,Tamal,Chocolate New York Pie,Chocolate Bell Tower,NA,NA,NA,2,IN
6,10,Tamal,Cinnamon and Apple & Toffee and Marmalade Iced Buns,Sticky Toffee Pudding Cake,NA,NA,NA,3,Runner-up
4,1,Toby,Spiced and Iced Carrot Cake,Two Tiered Chocolate Cake,NA,NA,NA,13,OUT
7,1,Tom,G&T Drizzle Cake,Black Forest Broken Mirror,NA,NA,NA,2,IN
7,2,Tom,Chai Frappelatteccino Biscuits,Tom and Pod's Near Death Experience,NA,NA,NA,7,IN
7,3,Tom,Chocolate Orange and Chilli Swirl Bread,Jörmungandr and Mjölnir,NA,NA,NA,4,STAR BAKER
7,4,Tom,West Yorkshire Fusion Puddings,Fennel Churros Snake In The Grass,NA,NA,NA,5,IN
7,5,Tom,Mega Breakfast Bonanzas; Granola Spirals and Wheat Foldovers,Yin and Yang Amuse-bouche,NA,NA,NA,4,IN
7,6,Tom,Blood Orange Halloween Pumpkin Pie,Floral Tea Cake,NA,NA,NA,1,STAR BAKER
7,7,Tom,Millionaire's Roulade,Hipster Picnic,NA,NA,NA,5,OUT
8,1,Tom,Gilded Pear and Cardamom Cake,'Stack of Books' Cake,NA,NA,NA,7,IN
8,2,Tom,Coffee and Amaretto Kisses,'Drain Pipes and Ladders' Game,NA,NA,NA,5,IN
8,3,Tom,Orange and Cranberry Teacakes,'Pink & Yellow Rose Centrepiece' Bread Sculpture,NA,NA,NA,4,IN
8,4,Tom,Stem Ginger Caramel Shortbreads,Hummingbird Cake,NA,NA,NA,5,OUT
6,1,Ugnė,Lemon and Thyme Madeira Cake,Falling Cup Gâteau,NA,NA,NA,1,IN
6,2,Ugnė,White Wine Biscotti,Baby Climbing into the Cookie Box,NA,NA,NA,7,IN
6,3,Ugnė,Chocolate Quick Breads with Salted Caramel Sauce,Easter Basket,NA,NA,NA,5,IN
6,4,Ugnė,Marula Fruit and Coffee Liqueur Crème Brûlées,"Lime, Coconut and Hazelnut Cheesecakes",NA,NA,NA,2,IN
6,5,Ugnė,Chocolate and Hazelnut Sugar-Free Cake,"Chocolate, Peanut Butter and Grape Jam Roll",NA,NA,NA,6,OUT
2,1,Urvashi,Cherry Blossom CupcakesJapanese Lime Cupcakes,UNKNOWN,NA,NA,NA,7,IN
2,2,Urvashi,"Crab, Coriander and Coconut Quiche",Strawberry and Basil TartsElderflower and Honeycomb Tarts,NA,NA,NA,7,IN
2,3,Urvashi,Salt and Peppercorn Loaf,Chilli and Halloumi RollsLemon and Coriander Mini Loaves,NA,NA,NA,9,OUT
7,1,Val,Mum's Orange and Lemon Drizzle,Chocolate Sponge with Four Fruit Frosting,NA,NA,NA,10,IN
7,2,Val,Sunday Treat Iced Ice Cream Cone Biscuits,From Holland to New York via Yorkshire,NA,NA,NA,5,IN
7,3,Val,Double Chocolate Cinnamon Twist Loaf,"""And They All Went Into The Ark To Get Out Of The Rain""",NA,NA,NA,1,IN
7,4,Val,Mum's Chilli Yorkshire Puddings,Orange Chocolate Churros,NA,NA,NA,6,IN
7,5,Val,"Pecan and Maple Syrup Pinwheels and Apple, Sultana and Cinnamon Swirls","Caramelised Red Onion, Goats Cheese Tartlets and Mincemeat and Apple Spiced Parcels",NA,NA,NA,7,OUT
3,1,Victoria,Pear and Pecan,Blackbird Pie Cake,NA,NA,NA,4,STAR BAKER
3,2,Victoria,Coriander and Lemon NaanGarlic and Parsnip Chapatis,"Saffron and Golden Raisin Bagels
Porcini Bagels",NA,NA,NA,7,IN
3,3,Victoria,"Fig, Walnut and Pink Peppercorn Tarte Tatin",Tropical Fruit Tart with Black Pepper Crust,NA,NA,NA,4,OUT
8,1,Yan,Windfall Apple Crumble Cake,'Banana-ramen' Cake,NA,NA,NA,4,IN
8,2,Yan,'Mrs. Marian's PB 'n' B' Biscuits,'Adventures in Bakeland' Game,NA,NA,NA,1,IN
8,3,Yan,'Mrs P's' Masala Chai Spiced Teacakes,'Basil the Vegetarian Dragon with his Pumpkin Hoard' Bread Sculpture,NA,NA,NA,8,IN
8,4,Yan,'Lil' Red's Ginger and Nuts' Millionaire Shortbreads,Animals of the Rainforest Caramel Cake,NA,NA,NA,8,IN
8,5,Yan,Mango Fruit Hat Steamed School Pudding,'Heart of a Hero' Trifle Terrine,NA,NA,NA,6,IN
8,6,Yan,'πr2' Decorative Pies,Chequerboard Pie,NA,NA,NA,1,IN
8,7,Yan,Cannoli Cocktails,Canadian-Style Sfogliatelle,NA,NA,NA,5,OUT
2,1,Yasmin,Cardamom and Pomegranate Cupcakes,UNKNOWN,NA,NA,NA,5,IN
2,2,Yasmin,Smoked Haddock and Watercress Quiche,Chocolate and Orange with Cinnamon-Orange Pastry TartsBlueberry and Hazelnut with Hazelnut Pastry Tarts,NA,NA,NA,6,IN
2,3,Yasmin,Egyptian Dukkah Loaf with Mixed Spices,"Pesto Bread
Sweet Coconut Rolls",NA,NA,NA,2,STAR BAKER
2,4,Yasmin,Chocolate Chip and Pistachio Biscotti,Chocolate and Lime MacaronsCoffee and Walnut MacaronsPineapple and Coconut Macarons,NA,NA,NA,6,IN
2,5,Yasmin,Family Fish Pie,Peach and Raspberry Meringue Pie,NA,NA,NA,5,IN
2,6,Yasmin,Baked Amaretto Cheesecake,Rose Croquembouche,NA,NA,NA,2,OUT
